"modelo","coeficiente","valor","R2","R2_ajustado","Syx_pct"
"Kozak (1969)","b0",1.18443085352563,0.977696361069777,0.977636672473175,6.41948000896762
"Kozak (1969)","b1",-1.8461454939483,0.977696361069777,0.977636672473175,6.41948000896762
"Kozak (1969)","b2",0.674294199411868,0.977696361069777,0.977636672473175,6.41948000896762
"Schopfer (1966)","b0",1.15379315982814,0.989473000261131,0.989416504734804,4.41616894232533
"Schopfer (1966)","b1",-3.18210945055115,0.989473000261131,0.989416504734804,4.41616894232533
"Schopfer (1966)","b2",14.5041473714585,0.989473000261131,0.989416504734804,4.41616894232533
"Schopfer (1966)","b3",-34.4077129741113,0.989473000261131,0.989416504734804,4.41616894232533
"Schopfer (1966)","b4",35.4339246966175,0.989473000261131,0.989416504734804,4.41616894232533
"Schopfer (1966)","b5",-13.5047876010583,0.989473000261131,0.989416504734804,4.41616894232533
"Hradetzky (1976)","b_p0.1",2.67482986604139,0.990957340102061,0.990900671687302,4.0948275168405
"Hradetzky (1976)","b_p0.5",-6.31916277785216,0.990957340102061,0.990900671687302,4.0948275168405
"Hradetzky (1976)","b_p1",9.27968354144897,0.990957340102061,0.990900671687302,4.0948275168405
"Hradetzky (1976)","b_p2",-12.1800804552982,0.990957340102061,0.990900671687302,4.0948275168405
"Hradetzky (1976)","b_p3",9.10966989805431,0.990957340102061,0.990900671687302,4.0948275168405
"Hradetzky (1976)","b_p5",-2.89337429493909,0.990957340102061,0.990900671687302,4.0948275168405
"Hradetzky (1976)","b_p8",0.331685315879842,0.990957340102061,0.990900671687302,4.0948275168405
