"modelo","produto","referencia_etapa1","n_toras_ha","volume_ha_m3","dif_n_toras_ha","dif_pct_n_toras","dif_volume_ha_m3","dif_pct_volume"
"hradetzky","laminacao",TRUE,0,0,0,NA,0,NA
"hradetzky","serraria",TRUE,209.059233449477,14.66275911813,0,0,0,0
"hradetzky","mourao_poste",TRUE,6147.89005032908,189.754443436498,0,0,0,0
"hradetzky","celulose",TRUE,1204.02632597755,12.3636928830093,0,0,0,0
"hradetzky","residual",TRUE,0,8.34462632662261,0,NA,0,0
"kozak","laminacao",FALSE,0,0,0,NA,0,NA
"kozak","serraria",FALSE,418.118466898955,28.4564824271248,209.059233449477,100,13.7937233089948,94.073176800261
"kozak","mourao_poste",FALSE,5849.78706929927,178.604920583003,-298.102981029811,-4.84886649874056,-11.1495228534945,-5.87576377742412
"kozak","celulose",FALSE,1358.8850174216,13.7639377824523,154.858691444058,12.8617363344052,1.40024489944303,11.3254584426576
"kozak","residual",FALSE,0,9.5880828353803,0,NA,1.24345650875769,14.9012844923994
"schopfer","laminacao",FALSE,0,0,0,NA,0,NA
"schopfer","serraria",FALSE,228.416569879985,16.1054227591164,19.3573364305072,9.25925925925926,1.44266364098644,9.8389643406379
"schopfer","mourao_poste",FALSE,6062.71777003484,187.229694151916,-85.1722802942313,-1.38539042821158,-2.5247492845823,-1.33053500031857
"schopfer","celulose",FALSE,1254.35540069686,12.8383268730637,50.3290747193187,4.18006430868168,0.474633990054448,3.83893384076783
"schopfer","residual",FALSE,0,8.72503268916956,0,NA,0.380406362546948,4.55869858825557
